,no,ranking,bookname,authors,publisher,publication_year,isbn13,addition_symbol,vol,class_no,class_nm,loan_count,bookImageURL,bookDtlUrl
0,1,1,불편한 편의점 :김호연 장편소설,지은이: 김호연,나무옆의자,2021,9791161571188,03810,,813.7,문학 > 한국문학 > 소설,14862,https://image.aladin.co.kr/product/26942/84/cover/k582730818_1.jpg, https://data4library.kr/bookV?seq=5962217
1,2,2,불편한 편의점 :김호연 장편소설,지은이: 김호연,나무옆의자,2022,9791161571379,03810,2,813.7,문학 > 한국문학 > 소설,10690,https://image.aladin.co.kr/product/29858/98/cover/k432838027_1.jpg, https://data4library.kr/bookV?seq=6529613
2,3,3,아버지의 해방일지 :정지아 장편소설,지은이: 정지아,창비,2022,9788936438838,03810,,813.7,문학 > 한국문학 > 소설,9772,https://image.aladin.co.kr/product/30048/51/cover/8936438832_1.jpg, https://data4library.kr/bookV?seq=6551957
3,4,4,달러구트 꿈 백화점.이미예 장편소설,지은이: 이미예,팩토리나인,2020,9791165341909,03810,,813.7,문학 > 한국문학 > 소설,8994,https://image.aladin.co.kr/product/24512/70/cover/k392630952_1.jpg, https://data4library.kr/bookV?seq=5707051
4,5,5,하얼빈 :김훈 장편소설,지은이: 김훈,문학동네,2022,9788954699914,03810,,813.62,문학 > 한국문학 > 소설,8398,https://image.aladin.co.kr/product/29857/0/cover/895469991x_1.jpg, https://data4library.kr/bookV?seq=6529620
5,6,6,"어서오세요, 휴남동 서점입니다 :황보름 장편소설",지은이: 황보름,클레이하우스,2022,9791197377143,03810,,813.7,문학 > 한국문학 > 소설,7753,https://image.aladin.co.kr/product/28685/95/cover/k362836265_1.jpg, https://data4library.kr/bookV?seq=6389692
6,7,7,작별인사 :김영하 장편소설,지은이: 김영하,복복서가,2022,9791191114225,03810,,813.62,문학 > 한국문학 > 소설,7599,https://image.aladin.co.kr/product/29281/68/cover/k122837904_1.jpg, https://data4library.kr/bookV?seq=6446085
7,8,8,아몬드손원평 장편소설,손원평,창비,2017,9788936434267,03810,,813.7,문학 > 한국문학 > 소설,7404,http://image.aladin.co.kr/product/16839/4/cover/k492534773_1.jpg, https://data4library.kr/bookV?seq=3423096
8,9,9,흔한남매,원작: 흔한남매 ;그림: 유난희,미래엔,2019,9791164134267,77810,3,810,문학 > 한국문학 > 한국문학,7342,https://image.aladin.co.kr/product/22327/46/cover/k782636924_1.jpg, https://data4library.kr/bookV?seq=5569013
9,10,10,파친코 :이민진 장편소설,이민진 지음 ;이미정 옮김,문학사상,2018,9788970129815,04840,1,843.6,문학 > 영미문학 > 소설,7227,https://bookthumb-phinf.pstatic.net/cover/134/282/13428208.jpg?type=m1&udate=20180331, https://data4library.kr/bookV?seq=3723218
10,11,11,흔한남매,원작: 흔한남매 ;그림: 유난희,미래엔,2019,9791164135592,77810,5,810,문학 > 한국문학 > 한국문학,7113,https://image.aladin.co.kr/product/24307/73/cover/k822630592_2.jpg, https://data4library.kr/bookV?seq=5686627
11,12,12,흔한남매,원작: 흔한남매 ;그림: 유난희,미래엔,2019,9791164131686,77810,1,810,문학 > 한국문학 > 한국문학,7091,https://image.aladin.co.kr/product/19404/61/cover/k712635217_1.jpg, https://data4library.kr/bookV?seq=5429011
12,13,13,역행자 :돈·시간·운명으로부터 완전한 자유를 얻는 7단계 인생 공략집,자청 지음,웅진씽크빅,2022,9788901260716,03320,,325.211,사회과학 > 경제학 > 경영관리,7079,https://image.aladin.co.kr/product/29521/63/cover/8901260719_1.jpg, https://data4library.kr/bookV?seq=6468069
13,14,14,흔한남매,원작: 흔한남매 ;그림: 유난희,미래엔,2019,9791164134847,77810,4,810,문학 > 한국문학 > 한국문학,7074,https://image.aladin.co.kr/product/23568/96/cover/k992638123_1.jpg, https://data4library.kr/bookV?seq=5635121
14,15,15,흔한남매,원작: 흔한남매 ;그림: 유난희,미래엔,2019,9791164132454,77810,2,810,문학 > 한국문학 > 한국문학,6986,https://image.aladin.co.kr/product/20398/4/cover/k002635150_1.jpg, https://data4library.kr/bookV?seq=5463101
15,16,16,흔한남매,원작: 흔한남매 ;그림: 유난희,미래엔,2019,9791164137527,77810,7,810,문학 > 한국문학 > 한국문학,6956,https://image.aladin.co.kr/product/26556/36/cover/k602738939_1.jpg, https://data4library.kr/bookV?seq=5929100
16,17,17,흔한남매,원작: 흔한남매 ;그림: 유난희,미래엔,2019,9791164136261,77810,6,810,문학 > 한국문학 > 한국문학,6936,https://image.aladin.co.kr/product/25301/95/cover/k062633309_1.jpg, https://data4library.kr/bookV?seq=5777315
17,18,18,흔한남매,원작: 흔한남매 ;그림: 유난희,미래엔,2019,9791164138197,77810,8,810,문학 > 한국문학 > 한국문학,6914,https://image.aladin.co.kr/product/27456/81/cover/k752733475_1.jpg, https://data4library.kr/bookV?seq=6041427
18,19,19,달러구트 꿈 백화점.이미예 장편소설,지은이: 이미예,팩토리나인,2020,9791165343729,03810,2,813.7,문학 > 한국문학 > 소설,6779,https://image.aladin.co.kr/product/27587/47/cover/k962733015_1.jpg, https://data4library.kr/bookV?seq=6049391
19,20,20,밝은 밤 :최은영 장편소설,지은이: 최은영,문학동네,2021,9788954681179,03810,,813.7,문학 > 한국문학 > 소설,6768,https://image.aladin.co.kr/product/27541/91/cover/8954681174_1.jpg, https://data4library.kr/bookV?seq=6045915
20,21,21,흔한남매,원작: 흔한남매 ;그림: 유난희,미래엔,2019,9791168411685,77810,10,810,문학 > 한국문학 > 한국문학,6748,https://image.aladin.co.kr/product/29286/99/cover/k082837005_1.jpg, https://data4library.kr/bookV?seq=6447451
21,22,22,파친코 :이민진 장편소설,이민진 지음 ;이미정 옮김,문학사상,2018,9788970129822,04840,2,843.6,문학 > 영미문학 > 소설,6663,https://bookthumb-phinf.pstatic.net/cover/134/282/13428213.jpg?type=m1&udate=20180331, https://data4library.kr/bookV?seq=3723461
22,23,23,순례 주택 :유은실 소설,지은이: 유은실,비룡소,2021,9788949123493,44800,,813.7,문학 > 한국문학 > 소설,6606,https://image.aladin.co.kr/product/26674/56/cover/8949123495_1.jpg, https://data4library.kr/bookV?seq=5941926
23,24,24,흔한남매,원작: 흔한남매 ;그림: 유난희,미래엔,2019,9791164139897,77810,9,810,문학 > 한국문학 > 한국문학,6498,https://image.aladin.co.kr/product/28395/15/cover/k962835911_1.jpg, https://data4library.kr/bookV?seq=6350914
24,25,25,"물고기는 존재하지 않는다 :상실, 사랑 그리고 숨어 있는 삶의 질서에 관한 이야기",룰루 밀러 지음 ;정지인 옮김,곰출판,2021,9791189327156,03400,,490.99,자연과학 > 동물학 > 동물학,6370,https://image.aladin.co.kr/product/28465/73/cover/k092835920_1.jpg, https://data4library.kr/bookV?seq=6360937
25,26,26,흔한남매,원작: 흔한남매 ;그림: 유난희,미래엔,2019,9791168412477,77810,11,810,문학 > 한국문학 > 한국문학,6294,https://image.aladin.co.kr/product/29832/74/cover/k652838723_1.jpg, https://data4library.kr/bookV?seq=6525944
26,27,27,(이상한 과자 가게) 전천당,히로시마 레이코 글 ;김정화 옮김,길벗스쿨,2019,9791164064410,74830,15,833.6,문학 > 일본문학 > 소설,6142,https://image.aladin.co.kr/product/29734/44/cover/k662838597_1.jpg, https://data4library.kr/bookV?seq=6497886
27,28,28,"오늘 밤, 세계에서 이 사랑이 사라진다 해도",이치조 미사키 지음 ;권영주 옮김,바이포엠,2021,9791191043297,03830,,833.6,문학 > 일본문학 > 소설,6130,https://image.aladin.co.kr/product/27407/79/cover/k362732558_1.jpg, https://data4library.kr/bookV?seq=6036502
28,29,29,(이상한 과자 가게) 전천당,히로시마 레이코 글 ;김정화 옮김,길벗스쿨,2019,9791164060481,74830,1,833.6,문학 > 일본문학 > 소설,6038,https://image.aladin.co.kr/product/19610/47/cover/k282635522_1.jpg, https://data4library.kr/bookV?seq=5439175
29,30,30,고양이 해결사 깜냥,홍민정 동화 ;김재희 그림,창비,2020,9788936447694,74810,1,813.7,문학 > 한국문학 > 소설,6024,https://image.aladin.co.kr/product/23651/80/cover/8936447696_1.jpg, https://data4library.kr/bookV?seq=5642562
30,31,31,흔한남매의 흔한 호기심 :일상에서 만나는 과학 상식,원작: 흔한남매 ;그림: 유난희,미래엔,2020,9791164136032,77400,1,400,자연과학 > 자연과학 > 자연과학,5854,https://image.aladin.co.kr/product/25055/39/cover/k002632646_1.jpg, https://data4library.kr/bookV?seq=5748423
31,32,32,나미야 잡화점의 기적 :히가시노 게이고 장편소설,지은이: 히가시노 게이고 ;옮긴이: 양윤옥,현대문학,2012,9788972756194,03830,,833.6,문학 > 일본문학 > 소설,5776,http://image.aladin.co.kr/product/15848/6/cover/k622533431_1.jpg, https://data4library.kr/bookV?seq=1902173
32,33,33,(이상한 과자 가게) 전천당,히로시마 레이코 글 ;김정화 옮김,길벗스쿨,2019,9791164064243,74830,14,833.6,문학 > 일본문학 > 소설,5775,https://image.aladin.co.kr/product/29281/75/cover/k482837904_1.jpg, https://data4library.kr/bookV?seq=6446084
33,34,34,지구 끝의 온실 :김초엽 장편소설,지은이: 김초엽,Giant Books(자이언트북스),2021,9791191824001,03810,,813.7,문학 > 한국문학 > 소설,5752,https://image.aladin.co.kr/product/27692/63/cover/k082733434_1.jpg, https://data4library.kr/bookV?seq=6065686
34,35,35,흔한남매의 흔한 호기심 :일상에서 만나는 과학 상식,원작: 흔한남매 ;그림: 유난희,미래엔,2020,9791164138982,77400,4,400,자연과학 > 자연과학 > 자연과학,5729,https://image.aladin.co.kr/product/27892/11/cover/k652734308_1.jpg, https://data4library.kr/bookV?seq=6088288
35,36,36,고양이 해결사 깜냥,홍민정 동화 ;김재희 그림,창비,2020,9788936447861,74810,2,813.7,문학 > 한국문학 > 소설,5721,https://image.aladin.co.kr/product/24790/61/cover/8936447866_1.jpg, https://data4library.kr/bookV?seq=5784086
36,37,37,흔한남매의 흔한 호기심 :일상에서 만나는 과학 상식,원작: 흔한남매 ;그림: 유난희,미래엔,2020,9791164137121,77400,2,400,자연과학 > 자연과학 > 자연과학,5715,https://image.aladin.co.kr/product/25812/8/cover/k352736335_1.jpg, https://data4library.kr/bookV?seq=5833702
37,38,38,흔한남매 과학 탐험대,원작: 흔한남매 ;그림: 김덕영,김영사,2021,9788934980254,77400,2,400,자연과학 > 자연과학 > 자연과학,5702,https://image.aladin.co.kr/product/27876/47/cover/8934980257_1.jpg, https://data4library.kr/bookV?seq=6086449
38,39,38,흔한남매의 흔한 호기심 :일상에서 만나는 과학 상식,원작: 흔한남매 ;그림: 유난희,미래엔,2020,9791164137923,77400,3,400,자연과학 > 자연과학 > 자연과학,5702,https://image.aladin.co.kr/product/27025/25/cover/k542730528_2.jpg, https://data4library.kr/bookV?seq=5967314
39,40,40,(추리 천재) 엉덩이 탐정,트롤 글·그림 ;김정화 옮김,미래엔,2016,9791164137053,74830,10,833.6,문학 > 일본문학 > 소설,5690,https://image.aladin.co.kr/product/25801/42/cover/k252736232_1.jpg, https://data4library.kr/bookV?seq=5827187
40,41,41,(설민석의) 한국사 대모험,"글: 설민석,그림: 정현희",휴먼큐브,2017,9791195794799,74910,1,911,역사 > 아시아(아세아) > 한국,5634,http://image.aladin.co.kr/product/10016/32/cover/k512536564_2.jpg, https://data4library.kr/bookV?seq=3405847
41,42,42,고양이 해결사 깜냥,홍민정 동화 ;김재희 그림,창비,2020,9788936448011,74810,3,813.7,문학 > 한국문학 > 소설,5626,https://image.aladin.co.kr/product/25967/84/cover/8936448013_2.jpg, https://data4library.kr/bookV?seq=5996157
42,43,43,돈의 속성 :최상위 부자가 말하는 돈에 대한 모든 것,지은이: 김승호,Snowfox(스노우폭스북스),2020,9791188331796,03320,,327.04,사회과학 > 경제학 > 금융,5620,https://image.aladin.co.kr/product/24191/64/cover/k562639753_1.jpg, https://data4library.kr/bookV?seq=5678862
43,44,44,흔한남매 과학 탐험대,원작: 흔한남매 ;그림: 김덕영,김영사,2021,9788934989257,77400,1,400,자연과학 > 자연과학 > 자연과학,5608,https://image.aladin.co.kr/product/27081/54/cover/s542731834_1.jpg, https://data4library.kr/bookV?seq=5970627
44,45,45,세상의 마지막 기차역,무라세 다케시 지음 ;김지연 옮김,바이포엠 스튜디오,2022,9791191043754,03830,,833.6,문학 > 일본문학 > 소설,5607,https://image.aladin.co.kr/product/29442/51/cover/k762837520_1.jpg, https://data4library.kr/bookV?seq=6460241
45,46,46,미드나잇 라이브러리,매트 헤이그 지음 ;노진선 옮김,인플루엔셜,2021,9791191056556,03840,,843.6,문학 > 영미문학 > 소설,5562,https://image.aladin.co.kr/product/26987/37/cover/k962730610_1.jpg, https://data4library.kr/bookV?seq=5965665
46,47,47,고양이 해결사 깜냥,홍민정 동화 ;김재희 그림,창비,2020,9788936448134,74810,4,813.7,문학 > 한국문학 > 소설,5553,https://image.aladin.co.kr/product/28612/9/cover/8936448137_1.jpg, https://data4library.kr/bookV?seq=6378029
47,48,48,(이상한 과자 가게) 전천당,히로시마 레이코 글 ;김정화 옮김,길벗스쿨,2019,9791164060498,74830,2,833.6,문학 > 일본문학 > 소설,5546,https://image.aladin.co.kr/product/19612/74/cover/k772635522_1.jpg, https://data4library.kr/bookV?seq=5439173
48,49,49,완전한 행복 :정유정 장편소설,지은이: 정유정,은행나무,2021,9791167370280,03810,,813.7,문학 > 한국문학 > 소설,5485,https://image.aladin.co.kr/product/27225/29/cover/k432732398_2.jpg, https://data4library.kr/bookV?seq=5987427
49,50,50,(이상한 과자 가게) 전천당,히로시마 레이코 글 ;김정화 옮김,길벗스쿨,2019,9791164060931,74830,3,833.6,문학 > 일본문학 > 소설,5417,https://image.aladin.co.kr/product/21439/64/cover/k142636199_1.jpg, https://data4library.kr/bookV?seq=5518312
50,51,51,(추리 천재) 엉덩이 탐정,트롤 글·그림 ;김정화 옮김,미래엔,2016,9791164134090,74830,9,833.6,문학 > 일본문학 > 소설,5415,https://image.aladin.co.kr/product/22712/95/cover/k102636135_1.jpg, https://data4library.kr/bookV?seq=5581788
51,52,52,흔한남매 불꽃 튀는 우리말 1 - 초등 국어 고수 되기 프로젝트,흔한남매 (원작)|한은호,다산어린이,2021,9791130635712,,1,,,5397,https://bookthumb-phinf.pstatic.net/cover/180/044/18004469.jpg?type=m1&udate=20210218, https://data4library.kr/bookV?seq=5918291
52,53,53,책들의 부엌 :김지혜 장편소설,지은이: 김지혜,팩토리나인,2022,9791165345204,03810,,813.7,문학 > 한국문학 > 소설,5373,https://image.aladin.co.kr/product/29403/8/cover/k162837610_1.jpg, https://data4library.kr/bookV?seq=6455241
53,54,54,체리새우 :황영미 장편소설,지은이: 황영미,문학동네,2019,9788954654753,03810,,813.7,문학 > 한국문학 > 소설,5371,https://image.aladin.co.kr/product/17970/0/cover/8954654754_1.jpg, https://data4library.kr/bookV?seq=5359157
54,55,55,흔한남매 과학 탐험대 4 : 물질,"흔한남매 (원작), 이현진, 닥터 스코 (글), 김덕영 (그림), 최진수 (감수), 정현철, 김희목, 권경아, 최진수 (기획)",주니어김영사,2022,9788934930549,,4,,,5363,https://image.aladin.co.kr/product/28932/34/cover/8934930543_1.jpg, https://data4library.kr/bookV?seq=6408666
55,56,56,(이상한 과자 가게) 전천당,히로시마 레이코 글 ;김정화 옮김,길벗스쿨,2019,9791164064281,74830,13,833.6,문학 > 일본문학 > 소설,5350,https://image.aladin.co.kr/product/28689/95/cover/k332836361_1.jpg, https://data4library.kr/bookV?seq=6390351
56,57,57,이토록 평범한 미래 :김연수 소설,지은이: 김연수,문학동네,2022,9788954680004,03810,,813.62,문학 > 한국문학 > 소설,5319,https://image.aladin.co.kr/product/30211/80/cover/8954680003_1.jpg, https://data4library.kr/bookV?seq=6567245
57,58,58,흔한남매의 흔한 호기심 :일상에서 만나는 과학 상식,원작: 흔한남매 ;그림: 유난희,미래엔,2020,9791168410848,77400,5,400,자연과학 > 자연과학 > 자연과학,5298,https://image.aladin.co.kr/product/28736/69/cover/k332836780_1.jpg, https://data4library.kr/bookV?seq=6393114
58,59,59,흔한남매 불꽃 튀는 우리말 :초등 국어 고수 되기 프로젝트,원작: 흔한남매 ;그림: 유희석,다산북스,2021,9791130637594,77700,2,710,언어 > 한국어 > 한국어,5295,https://image.aladin.co.kr/product/27144/52/cover/k372731447_1.jpg, https://data4library.kr/bookV?seq=5982308
59,60,60,(이상한 과자 가게) 전천당,히로시마 레이코 글 ;김정화 옮김,길벗스쿨,2019,9791164063956,74830,12,833.6,문학 > 일본문학 > 소설,5194,https://image.aladin.co.kr/product/28289/35/cover/k662835995_2.jpg, https://data4library.kr/bookV?seq=6333606
60,61,61,흔한남매의 흔한 호기심 :일상에서 만나는 과학 상식,원작: 흔한남매 ;그림: 유난희,미래엔,2020,9791168411852,77400,6,400,자연과학 > 자연과학 > 자연과학,5180,https://image.aladin.co.kr/product/29541/3/cover/k292837956_1.jpg, https://data4library.kr/bookV?seq=6469920
61,62,62,흔한남매 과학 탐험대 3 : 인체,"흔한남매 (원작), 이재국, 이현진, 서지은 (글), 김덕영 (그림), 정현철, 김희목, 권경아, 최진수, 박준건 (기획)",주니어김영사,2021,9788934983439,,3,,,5170,https://image.aladin.co.kr/product/28386/25/cover/8934983434_1.jpg, https://data4library.kr/bookV?seq=6345379
62,63,63,(추리 천재) 엉덩이 탐정,트롤 글·그림 ;김정화 옮김,미래엔,2016,9791162339466,74830,7,833.6,문학 > 일본문학 > 소설,5156,https://image.aladin.co.kr/product/17457/14/cover/k792534209_1.jpg, https://data4library.kr/bookV?seq=5245643
63,64,64,오싹오싹 크레용!,글: 에런 레이놀즈 ;옮김: 홍연미,토토북,2022,9788964964767,77840,,843,문학 > 영미문학 > 소설,5123,https://image.aladin.co.kr/product/30021/16/cover/8964964764_1.jpg, https://data4library.kr/bookV?seq=6548001
64,65,65,(설민석의) 한국사 대모험,"글: 설민석,그림: 정현희",휴먼큐브,2017,9791196025809,74910,2,911,역사 > 아시아(아세아) > 한국,5108,http://image.aladin.co.kr/product/10227/84/cover/k782536886_2.jpg, https://data4library.kr/bookV?seq=3412785
65,66,66,(이상한 과자 가게) 전천당,히로시마 레이코 글 ;김정화 옮김,길벗스쿨,2019,9791164060948,74830,4,833.6,문학 > 일본문학 > 소설,5102,https://image.aladin.co.kr/product/21439/72/cover/k272636199_1.jpg, https://data4library.kr/bookV?seq=5518313
66,67,67,흔한남매 불꽃 튀는 우리말 :초등 국어 고수 되기 프로젝트,원작: 흔한남매 ;그림: 유희석,다산북스,2021,9791130640280,77700,3,710,언어 > 한국어 > 한국어,5095,https://image.aladin.co.kr/product/27833/74/cover/k162734674_1.jpg, https://data4library.kr/bookV?seq=6084991
67,68,68,똥볶이 할멈 :K-히어로 판타지,글: 강효미 ;그림: 김무연,슈크림북,2021,9791190409124,74810,1,813.7,문학 > 한국문학 > 소설,5064,https://image.aladin.co.kr/product/27982/44/cover/k832734228_1.jpg, https://data4library.kr/bookV?seq=6307324
68,69,69,똥볶이 할멈 :K-히어로 판타지,글: 강효미 ;그림: 김무연,슈크림북,2021,9791190409148,74810,3,813.7,문학 > 한국문학 > 소설,5042,https://image.aladin.co.kr/product/29321/37/cover/k362837717_1.jpg, https://data4library.kr/bookV?seq=6450284
69,70,70,(이상한 과자 가게) 전천당,히로시마 레이코 글 ;김정화 옮김,길벗스쿨,2019,9791164063581,74830,10,833.6,문학 > 일본문학 > 소설,5029,https://image.aladin.co.kr/product/26602/10/cover/k742739914_1.jpg, https://data4library.kr/bookV?seq=5930484
70,71,71,"시선으로부터, :정세랑 장편소설",지은이: 정세랑,문학동네,2020,9788954672214,03810,,813.7,문학 > 한국문학 > 소설,5023,https://image.aladin.co.kr/product/24131/37/cover/8954672213_1.jpg, https://data4library.kr/bookV?seq=5674475
71,72,72,(흔한남매) 안 흔한 일기,흔한남매 원작 ;조병주 그림,미래엔,2020,9791164134649,74810,1,816.7,"문학 > 한국문학 > 일기, 서간, 기행",5003,https://image.aladin.co.kr/product/23331/23/cover/k012637918_1.jpg, https://data4library.kr/bookV?seq=5595543
72,73,73,(추리 천재) 엉덩이 탐정,트롤 글·그림 ;김정화 옮김,미래엔,2016,9791164131914,74830,8,833.6,문학 > 일본문학 > 소설,4995,https://image.aladin.co.kr/product/19874/27/cover/k432635431_1.jpg, https://data4library.kr/bookV?seq=5448424
73,74,74,에그박사 :Egg&bugs,원작: 에그박사 ;그림: 홍종현,미래엔,2020,9791168411029,77490,6,472,자연과학 > 생물과학 > 생물학,4975,https://image.aladin.co.kr/product/28974/55/cover/k902836928_1.jpg, https://data4library.kr/bookV?seq=6415971
74,75,75,(이상한 과자 가게) 전천당,히로시마 레이코 글 ;김정화 옮김,길벗스쿨,2019,9791164062065,74830,5,833.6,문학 > 일본문학 > 소설,4965,https://image.aladin.co.kr/product/23450/15/cover/k522638585_1.jpg, https://data4library.kr/bookV?seq=5609753
75,76,75,(이상한 과자 가게) 전천당,히로시마 레이코 글 ;김정화 옮김,길벗스쿨,2019,9791164063734,74830,11,833.6,문학 > 일본문학 > 소설,4965,https://image.aladin.co.kr/product/27494/71/cover/k822733993_1.jpg, https://data4library.kr/bookV?seq=6042381
76,77,77,똥볶이 할멈 :K-히어로 판타지,글: 강효미 ;그림: 김무연,슈크림북,2021,9791190409131,74810,2,813.7,문학 > 한국문학 > 소설,4943,https://image.aladin.co.kr/product/28393/27/cover/k592835817_1.jpg, https://data4library.kr/bookV?seq=6346812
77,78,78,에그박사 :Egg&bugs,원작: 에그박사 ;그림: 홍종현,미래엔,2020,9791164136438,77490,2,472,자연과학 > 생물과학 > 생물학,4924,https://image.aladin.co.kr/product/25493/95/cover/k372633927_1.jpg, https://data4library.kr/bookV?seq=5793071
78,79,79,우리가 빛의 속도로 갈 수 없다면 :김초엽 소설,지은이: 김초엽,허블,2019,9791190090018,03810,,813.7,문학 > 한국문학 > 소설,4922,https://image.aladin.co.kr/product/19359/16/cover/s972635417_1.jpg, https://data4library.kr/bookV?seq=5430429
79,80,80,에그박사 :Egg&bugs,원작: 에그박사 ;그림: 홍종현,미래엔,2020,9791164138425,77490,4,472,자연과학 > 생물과학 > 생물학,4901,https://image.aladin.co.kr/product/27643/74/cover/k052733229_1.jpg, https://data4library.kr/bookV?seq=6063450
80,81,81,(설민석의) 한국사 대모험,"글: 설민석,그림: 정현희",휴먼큐브,2017,9791165382940,74910,17,911,역사 > 아시아(아세아) > 한국,4877,https://image.aladin.co.kr/product/27426/6/cover/k602733272_1.jpg, https://data4library.kr/bookV?seq=6037961
81,82,82,튜브 :손원평 장편소설,지은이: 손원평,창비,2022,9788936434625,03810,,813.7,문학 > 한국문학 > 소설,4874,https://image.aladin.co.kr/product/29807/65/cover/8936434624_1.jpg, https://data4library.kr/bookV?seq=6519670
82,83,83,흔한남매 이상한 나라의 고전 읽기,최재훈 글 ;정주연 그림,미래엔,2022,9791168412248,74810,1,813.5,문학 > 한국문학 > 소설,4869,https://image.aladin.co.kr/product/29683/83/cover/k122838384_1.jpg, https://data4library.kr/bookV?seq=6489268
83,84,84,에그박사 :Egg&bugs,원작: 에그박사 ;그림: 홍종현,미래엔,2020,9791164137435,77490,3,472,자연과학 > 생물과학 > 생물학,4859,https://image.aladin.co.kr/product/26236/31/cover/k012738287_1.jpg, https://data4library.kr/bookV?seq=5855035
84,85,85,(이상한 과자 가게) 전천당,히로시마 레이코 글 ;김정화 옮김,길벗스쿨,2019,9791164062072,74830,6,833.6,문학 > 일본문학 > 소설,4832,https://image.aladin.co.kr/product/23450/17/cover/k692638585_1.jpg, https://data4library.kr/bookV?seq=5609754
85,86,86,(흔한남매) 안 흔한 일기,흔한남매 원작 ;조병주 그림,미래엔,2020,9791164135158,74810,2,816.7,"문학 > 한국문학 > 일기, 서간, 기행",4826,https://image.aladin.co.kr/product/24050/77/cover/k252639625_1.jpg, https://data4library.kr/bookV?seq=5669599
86,87,87,에그박사 :Egg&bugs,원작: 에그박사 ;그림: 홍종현,미래엔,2020,9791164139750,77490,5,472,자연과학 > 생물과학 > 생물학,4816,https://image.aladin.co.kr/product/28259/9/cover/k882835381_1.jpg, https://data4library.kr/bookV?seq=6331219
87,88,88,(설민석의) 한국사 대모험,"글: 설민석,그림: 정현희",휴먼큐브,2017,9791196025847,74910,3,911,역사 > 아시아(아세아) > 한국,4799,http://image.aladin.co.kr/product/10780/17/cover/k342530155_2.jpg, https://data4library.kr/bookV?seq=3431411
88,89,89,아주 작은 습관의 힘 :최고의 변화는 어떻게 만들어지는가,제임스 클리어 지음 ;이한이 옮김,비즈니스북스,2019,9791162540640,03190,,181.845,철학 > 심리학 > 각론,4791,https://image.aladin.co.kr/product/18228/51/cover/k832534441_1.jpg, https://data4library.kr/bookV?seq=5368180
89,90,90,에그박사 :Egg&bugs,원작: 에그박사 ;그림: 홍종현,미래엔,2020,9791164135738,77490,1,472,자연과학 > 생물과학 > 생물학,4788,https://image.aladin.co.kr/product/24605/89/cover/k652631174_1.jpg, https://data4library.kr/bookV?seq=5708913
90,91,91,(이상한 과자 가게) 전천당,히로시마 레이코 글 ;김정화 옮김,길벗스쿨,2019,9791164062898,74830,9,833.6,문학 > 일본문학 > 소설,4784,https://image.aladin.co.kr/product/25732/47/cover/k092736875_1.jpg, https://data4library.kr/bookV?seq=5823468
91,92,92,(추리 천재) 엉덩이 탐정,트롤 글·그림 ;김정화 옮김,미래엔,2016,9788937848247,74830,4,833.6,문학 > 일본문학 > 소설,4771,https://bookthumb-phinf.pstatic.net/cover/124/953/12495377.jpg?type=m1&udate=20170829, https://data4library.kr/bookV?seq=3541426
92,93,93,흔한남매 불꽃 튀는 우리말 :초등 국어 고수 되기 프로젝트,원작: 흔한남매 ;그림: 유희석,다산북스,2021,9791130641607,77700,4,710,언어 > 한국어 > 한국어,4758,https://image.aladin.co.kr/product/28344/0/cover/k342835103_1.jpg, https://data4library.kr/bookV?seq=6339841
93,94,94,이어령의 마지막 수업,김지수 지음,열림원,2021,9791170400523,03100,,199.1,"철학 > 윤리학, 도덕철학 > 도덕훈, 교훈",4755,https://image.aladin.co.kr/product/28212/10/cover/k762835176_2.jpg, https://data4library.kr/bookV?seq=6326227
94,95,95,"사피엔스 :유인원에서 사이보그까지, 인간 역사의 대담하고 위대한 질문",지은이: 유발 하라리 ;옮긴이: 조현욱,김영사,2015,9788934972464,03900,,909,"역사 > 역사 > 세계사, 세계문화사",4748,https://bookthumb-phinf.pstatic.net/cover/097/807/09780781.jpg?type=m1&udate=20180721, https://data4library.kr/bookV?seq=3027835
95,96,96,(설민석의) 한국사 대모험,"글: 설민석,그림: 정현희",Dankkum i(단꿈아이),2022,9791191496604,74910,22,911,역사 > 아시아(아세아) > 한국,4737,https://image.aladin.co.kr/product/30046/55/cover/k442839462_1.jpg, https://data4library.kr/bookV?seq=6551965
96,97,97,흔한남매 과학 탐험대 5 : 물리 1,"흔한남매 (원작), 이현진, 닥터 스코 (글), 김덕영 (그림), 김희목 (감수), 김희목, 정현철, 권경아, 최진수 (기획)",주니어김영사,2022,9788934940753,,5,,,4719,https://image.aladin.co.kr/product/29615/64/cover/8934940751_1.jpg, https://data4library.kr/bookV?seq=6477919
97,98,98,추리 천재 엉덩이 탐정 5 - 유적에서 날아온 SOS 사건,트롤,아이세움,2017,9791162332542,74830,5,833.8,문학 > 일본문학 > 소설,4717,https://bookthumb-phinf.pstatic.net/cover/129/756/12975600.jpg?type=m1&udate=20180126, https://data4library.kr/bookV?seq=3676788
98,99,99,(설민석의) 한국사 대모험,"글: 설민석,그림: 정현희",휴먼큐브,2017,9791188874262,74910,9,911,역사 > 아시아(아세아) > 한국,4703,https://image.aladin.co.kr/product/17950/14/cover/k552534233_1.jpg, https://data4library.kr/bookV?seq=5357472
99,100,100,(이상한 과자 가게) 전천당,히로시마 레이코 글 ;김정화 옮김,길벗스쿨,2019,9791164062270,74830,7,833.6,문학 > 일본문학 > 소설,4701,https://image.aladin.co.kr/product/24394/32/cover/k412630313_1.jpg, https://data4library.kr/bookV?seq=5699900
100,101,100,에그박사 :Egg&bugs,원작: 에그박사 ;그림: 홍종현,미래엔,2020,9791168412279,77490,7,472,자연과학 > 생물과학 > 생물학,4701,https://image.aladin.co.kr/product/29691/86/cover/k742838586_1.jpg, https://data4library.kr/bookV?seq=6491579
101,102,102,(추리 천재) 엉덩이 탐정,트롤 글·그림 ;김정화 옮김,미래엔,2016,9791162335123,74830,6,833.6,문학 > 일본문학 > 소설,4697,https://bookthumb-phinf.pstatic.net/cover/135/613/13561388.jpg?type=m1&udate=20180619, https://data4library.kr/bookV?seq=3746485
102,103,103,(추리 천재) 엉덩이 탐정,트롤 글·그림 ;김정화 옮김,미래엔,2016,9788937889714,74830,3,833.6,문학 > 일본문학 > 소설,4689,http://image.aladin.co.kr/product/10644/93/cover/8937889714_1.jpg, https://data4library.kr/bookV?seq=3425818
103,104,103,(설민석의) 한국사 대모험,"글: 설민석,그림: 정현희",Dankkum i(단꿈아이),2022,9791191496208,74910,21,911,역사 > 아시아(아세아) > 한국,4689,https://image.aladin.co.kr/product/29546/35/cover/k192837057_1.jpg, https://data4library.kr/bookV?seq=6470952
104,105,105,(설민석의) 한국사 대모험,"글: 설민석,그림: 정현희",휴먼큐브,2017,9791196025861,74910,4,911,역사 > 아시아(아세아) > 한국,4683,https://bookthumb-phinf.pstatic.net/cover/124/438/12443866.jpg?type=m1&udate=20170818, https://data4library.kr/bookV?seq=3536732
105,106,106,긴긴밤,루리 글·그림,문학동네,2021,9788954677158,73810,,813.7,문학 > 한국문학 > 소설,4678,https://image.aladin.co.kr/product/26302/71/cover/8954677150_1.jpg, https://data4library.kr/bookV?seq=5857188
106,107,107,가재가 노래하는 곳 :델리아 오언스 장편소설,지은이: 델리아 오언스 ;옮긴이: 김선형,살림출판사,2019,9788952240569,03840,,843.6,문학 > 영미문학 > 소설,4667,https://image.aladin.co.kr/product/19469/77/cover/8952240561_2.jpg, https://data4library.kr/bookV?seq=5429697
107,108,108,(설민석의) 한국사 대모험,"글: 설민석,그림: 정현희",휴먼큐브,2017,9791196232160,74910,5,911,역사 > 아시아(아세아) > 한국,4663,https://image.aladin.co.kr/product/12455/35/cover/k282532761_1.jpg, https://data4library.kr/bookV?seq=3665736
108,109,109,(추리 천재) 엉덩이 탐정,트롤 글·그림 ;김정화 옮김,미래엔,2016,9788937838750,74830,1,833.6,문학 > 일본문학 > 소설,4651,http://image.aladin.co.kr/product/8920/23/cover/8937838753_1.jpg, https://data4library.kr/bookV?seq=3272507
109,110,110,흔한남매의 흔한 호기심 :일상에서 만나는 과학 상식,원작: 흔한남매 ;그림: 유난희,미래엔,2020,9791168413931,77400,7,400,자연과학 > 자연과학 > 자연과학,4622,https://image.aladin.co.kr/product/30224/42/cover/k502839203_1.jpg, https://data4library.kr/bookV?seq=6568400
110,111,111,내가 틀릴 수도 있습니다 =숲속의 현자가 전하는 마지막 인생수업 /I may be wrong,비욘 나티코 린데블라드 지음 ;박미경 옮김,다산북스,2022,9791130689890,03100,,220.4,종교 > 불교 > 불교,4600,https://image.aladin.co.kr/product/29269/12/cover/k822837807_1.jpg, https://data4library.kr/bookV?seq=6445483
111,112,112,(추리 천재) 엉덩이 탐정,트롤 글·그림 ;김정화 옮김,미래엔,2016,9788937853470,74830,2,833.6,문학 > 일본문학 > 소설,4599,https://bookthumb-phinf.pstatic.net/cover/113/327/11332741.jpg?type=m1&udate=20161209, https://data4library.kr/bookV?seq=3392650
112,113,113,(이상한 과자 가게) 전천당,히로시마 레이코 글 ;김정화 옮김,길벗스쿨,2019,9791164062287,74830,8,833.6,문학 > 일본문학 > 소설,4592,https://image.aladin.co.kr/product/25020/81/cover/k782632928_1.jpg, https://data4library.kr/bookV?seq=5746636
113,114,114,(설민석의) 한국사 대모험,"글: 설민석,그림: 정현희",휴먼큐브,2017,9791165382841,74910,16,911,역사 > 아시아(아세아) > 한국,4586,https://image.aladin.co.kr/product/26651/26/cover/k962739334_1.jpg, https://data4library.kr/bookV?seq=5938620
114,115,115,"(세상에서 가장 쉬운) 본질육아 :삶의 근본을 보여주는 부모, 삶을 스스로 개척하는 아이",지나영 지음,21세기북스(북이십일 21세기북스),2022,9788950941819,13590,,598.1,기술과학 > 가정학 및 가정생활 > 육아,4530,https://image.aladin.co.kr/product/30177/32/cover/8950941813_1.jpg, https://data4library.kr/bookV?seq=6563267
115,116,116,낭만 강아지 봉봉,홍민정 글 ;김무연 그림,다산북스,2022,9791130679990,74810,1,813.7,문학 > 한국문학 > 소설,4527,https://image.aladin.co.kr/product/28963/14/cover/k832836617_1.jpg, https://data4library.kr/bookV?seq=6412733
116,117,117,(흔한남매) 별난 방탈출 :탈출 미션 스토리북,흔한남매 원작 ;차차 그림,미래엔,2020,9791164137176,77810,1,691,"예술 > 오락, 운동 > 오락",4494,https://image.aladin.co.kr/product/25813/3/cover/k172736336_1.jpg, https://data4library.kr/bookV?seq=5833701
117,118,118,(설민석의) 한국사 대모험,"글: 설민석,그림: 정현희",휴먼큐브,2017,9791165383053,74910,19,911,역사 > 아시아(아세아) > 한국,4481,https://image.aladin.co.kr/product/28540/88/cover/k222835233_1.jpg, https://data4library.kr/bookV?seq=6365947
118,119,119,(흔한남매) 안 흔한 일기,흔한남매 원작 ;조병주 그림,미래엔,2020,9791164136223,74810,3,816.7,"문학 > 한국문학 > 일기, 서간, 기행",4469,https://image.aladin.co.kr/product/25151/11/cover/k762633375_1.jpg, https://data4library.kr/bookV?seq=5769272
119,120,120,(설민석의) 한국사 대모험,"글: 설민석,그림: 정현희",휴먼큐브,2017,9791165383114,74910,20,911,역사 > 아시아(아세아) > 한국,4467,https://image.aladin.co.kr/product/28952/11/cover/k692836418_1.jpg, https://data4library.kr/bookV?seq=6409042
120,121,120,(설민석의) 한국사 대모험,"글: 설민석,그림: 정현희",휴먼큐브,2017,9791188874293,74910,10,911,역사 > 아시아(아세아) > 한국,4467,https://image.aladin.co.kr/product/19007/0/cover/k242635997_1.jpg, https://data4library.kr/bookV?seq=5400516
121,122,122,낭만 강아지 봉봉,홍민정 글 ;김무연 그림,다산북스,2022,9791130622590,74810,2,813.7,문학 > 한국문학 > 소설,4464,https://image.aladin.co.kr/product/29639/96/cover/k492838579_1.jpg, https://data4library.kr/bookV?seq=6480151
122,123,123,이상한 과자 가게 전천당 16,"히로시마 레이코 (지은이), 쟈쟈 (그림), 김정화 (옮긴이)",길벗스쿨,2022,9791164064748,,16,,,4456,https://image.aladin.co.kr/product/30493/31/cover/k182830482_1.jpg, https://data4library.kr/bookV?seq=6593087
123,124,123,(설민석의) 한국사 대모험,"글: 설민석,그림: 정현희",휴먼큐브,2017,9791165382674,74910,14,911,역사 > 아시아(아세아) > 한국,4456,https://image.aladin.co.kr/product/24258/33/cover/k742630570_1.jpg, https://data4library.kr/bookV?seq=5686995
124,125,125,(설민석의) 한국사 대모험,"글: 설민석,그림: 정현희",휴먼큐브,2017,9791165382650,74910,13,911,역사 > 아시아(아세아) > 한국,4420,https://image.aladin.co.kr/product/23535/70/cover/k662638920_1.jpg, https://data4library.kr/bookV?seq=5623860
125,126,125,흔한남매 오해요 :귀염 뽀짝 부캐들과 펼치는 초단편 콩트 만화,원작: 흔한남매 ;그림: 유난희,미래엔,2022,9791168410930,77810,,810,문학 > 한국문학 > 한국문학,4420,https://image.aladin.co.kr/product/28926/99/cover/k602836219_1.jpg, https://data4library.kr/bookV?seq=6409046
126,127,127,(설민석의) 한국사 대모험,"글: 설민석,그림: 정현희",휴먼큐브,2017,9791165382704,74910,15,911,역사 > 아시아(아세아) > 한국,4417,https://image.aladin.co.kr/product/25259/92/cover/k052633102_1.jpg, https://data4library.kr/bookV?seq=5776020
127,128,128,(설민석의) 한국사 대모험,"글: 설민석,그림: 정현희",휴먼큐브,2017,9791188874088,74910,6,911,역사 > 아시아(아세아) > 한국,4409,https://bookthumb-phinf.pstatic.net/cover/134/447/13444720.jpg?type=m1&udate=20180326, https://data4library.kr/bookV?seq=3724093
128,129,129,가녀장의 시대 :이슬아 장편소설,지은이: 이슬아,문학동네,2022,9788954688796,03810,,813.7,문학 > 한국문학 > 소설,4404,https://image.aladin.co.kr/product/30261/10/cover/8954688799_1.jpg, https://data4library.kr/bookV?seq=6570833
129,130,130,당근 유치원,지은이: 안녕달,창비,2020,9788936455484,77810,,813.7,문학 > 한국문학 > 소설,4398,https://image.aladin.co.kr/product/24011/82/cover/8936455486_1.jpg, https://data4library.kr/bookV?seq=5666934
130,131,131,타이탄의 도구들 :1만 시간의 법칙을 깬 거인들의 61가지 전략,팀 페리스 지음 ;정지현 옮김,Tornado(토네이도),2017,9791158510619,03190,,325.211,사회과학 > 경제학 > 경영관리,4396,http://image.aladin.co.kr/product/10590/57/cover/k162530537_1.jpg, https://data4library.kr/bookV?seq=3423727
131,132,132,(설민석의) 한국사 대모험,"글: 설민석,그림: 정현희",휴먼큐브,2017,9791188874460,74910,12,911,역사 > 아시아(아세아) > 한국,4378,https://image.aladin.co.kr/product/21613/51/cover/k122636592_1.jpg, https://data4library.kr/bookV?seq=5521219
132,133,133,(흔한남매) 별난 방탈출 :탈출 미션 스토리북,흔한남매 원작 ;차차 그림,미래엔,2020,9791164137879,77810,2,691,"예술 > 오락, 운동 > 오락",4354,https://image.aladin.co.kr/product/26959/80/cover/k182730410_1.jpg, https://data4library.kr/bookV?seq=5962802
133,134,134,(서울 자가에 대기업 다니는) 김 부장 이야기,송희구 지음,서삼독,2021,9791165343996,03320,1,325.04,사회과학 > 경제학 > 경영관리,4304,https://image.aladin.co.kr/product/27794/22/cover/k862734063_1.jpg, https://data4library.kr/bookV?seq=6078845
134,135,135,바삭바삭 갈매기,전민걸 글·그림,한림출판사,2014,9788970947273,77810,,813.7,문학 > 한국문학 > 소설,4298,http://image.aladin.co.kr/product/4956/1/cover/8970947272_1.jpg, https://data4library.kr/bookV?seq=2615603
135,136,136,여행의 이유 :김영하 산문,지은이: 김영하,문학동네,2019,9788954655972,03810,,816.62,"문학 > 한국문학 > 일기, 서간, 기행",4293,https://image.aladin.co.kr/product/18827/60/cover/8954655971_2.jpg, https://data4library.kr/bookV?seq=5390731
136,137,137,설민석의 한국사 대모험 18 - 후삼국 편 : 온달의 기묘한 시간 여행,"설민석, 스토리박스 (지은이), 정현희 (그림), 강석화 (감수)",아이휴먼,2021,9791165382988,,18,,,4280,https://image.aladin.co.kr/product/28101/56/cover/k842734445_1.jpg, https://data4library.kr/bookV?seq=6316035
137,138,138,(신기한 맛) 도깨비 식당,"김용세,센개 그림",꿈터,2022,9791167390615,74810,1,813.7,문학 > 한국문학 > 소설,4269,https://image.aladin.co.kr/product/29413/63/cover/k252837329_1.jpg, https://data4library.kr/bookV?seq=6456415
138,139,139,수박 수영장 :안녕달 그림책,지은이: 안녕달,창비,2015,9788936446819,77810,,813.7,문학 > 한국문학 > 소설,4254,https://bookthumb-phinf.pstatic.net/cover/093/451/09345174.jpg?type=m1&udate=20180718, https://data4library.kr/bookV?seq=2396971
139,140,140,(설민석의) 한국사 대모험,"글: 설민석,그림: 정현희",휴먼큐브,2017,9791188874385,74910,11,911,역사 > 아시아(아세아) > 한국,4246,https://image.aladin.co.kr/product/20004/68/cover/k562635045_1.jpg, https://data4library.kr/bookV?seq=5453376
140,141,141,마법천자문 :손오공의 한자 대탐험,"저자: 스튜디오시리얼,정수영",아울북,2005,9788950903138,77720,53,711.4,"언어 > 한국어 > 음운, 음성, 문자",4242,https://image.aladin.co.kr/product/29781/62/cover/895090313x_1.jpg, https://data4library.kr/bookV?seq=6512858
141,142,142,(설민석의) 한국사 대모험,"글: 설민석,그림: 정현희",휴먼큐브,2017,9791188874149,74910,7,911,역사 > 아시아(아세아) > 한국,4212,https://image.aladin.co.kr/product/14923/28/cover/s232533665_1.jpg, https://data4library.kr/bookV?seq=3762427
142,143,143,책 먹는 여우의 여름 이야기,프란치스카 비어만 글·그림 ;송순섭 옮김,김영사,2022,9788934951056,73850,,853,문학 > 독일문학 > 소설,4210,https://image.aladin.co.kr/product/29807/68/cover/8934951052_1.jpg, https://data4library.kr/bookV?seq=6519669
143,144,144,Go go 카카오 프렌즈 :세계 역사 문화 체험 학습만화,글: 김미영 ;그림: 김정한,북이십일,2018,9788950984144,74900,11,980.2,역사 > 지리 > 지리,4179,https://image.aladin.co.kr/product/21765/80/cover/8950984148_1.jpg, https://data4library.kr/bookV?seq=5528882
144,145,145,원씽 :복잡한 세상을 이기는 단순함의 힘,"게리 켈러,구세희 옮김",비즈니스북스,2013,9788997575169,13190,,325.04,사회과학 > 경제학 > 경영관리,4175,https://bookthumb-phinf.pstatic.net/cover/072/793/07279338.jpg?type=m1&udate=20171117, https://data4library.kr/bookV?seq=1967433
145,146,146,종의 기원 =정유정 장편소설 /The origin of species,지은이: 정유정,은행나무,2016,9788956609959,03810,,813.7,문학 > 한국문학 > 소설,4174,http://image.aladin.co.kr/product/7492/9/cover/8956609950_2.jpg, https://data4library.kr/bookV?seq=3151708
146,147,147,흔한남매 불꽃 튀는 우리말 5 - 초등 국어 고수 되기 프로젝트,"한은호 (지은이), 흔한남매 (원작), 유희석 (그림), 흔한컴퍼니 (감수)",다산어린이,2022,9791130679266,,5,,,4154,https://image.aladin.co.kr/product/29168/59/cover/k962837473_1.jpg, https://data4library.kr/bookV?seq=6431746
147,148,148,하쿠다 사진관 :허태연 장편소설,지은이: 허태연,다산북스,2022,9791130692258,03810,,813.7,문학 > 한국문학 > 소설,4152,https://image.aladin.co.kr/product/29810/3/cover/k462838212_1.jpg, https://data4library.kr/bookV?seq=6520187
148,149,149,아홉 살 마음 사전,박성우 글 ;김효은 그림,창비,2017,9788936447014,73710,,181,철학 > 심리학 > 각론,4139,http://image.aladin.co.kr/product/10537/49/cover/8936447017_1.jpg, https://data4library.kr/bookV?seq=3421838
149,150,150,(흔한남매) 별난 방탈출 :탈출 미션 스토리북,흔한남매 원작 ;차차 그림,미래엔,2020,9791164138715,77810,3,691,"예술 > 오락, 운동 > 오락",4111,https://image.aladin.co.kr/product/27760/63/cover/k442734867_1.jpg, https://data4library.kr/bookV?seq=6076995
150,151,151,Go go 카카오 프렌즈 :세계 역사 문화 체험 학습만화,글: 김미영 ;그림: 김정한,북이십일,2018,9788950994594,74900,19,980.2,역사 > 지리 > 지리,4103,https://image.aladin.co.kr/product/26785/89/cover/8950994593_1.jpg, https://data4library.kr/bookV?seq=5948194
151,152,152,(흔한남매) 별난 방탈출 :탈출 미션 스토리북,흔한남매 원작 ;차차 그림,미래엔,2020,9791168410541,77810,4,691,"예술 > 오락, 운동 > 오락",4101,https://image.aladin.co.kr/product/28533/10/cover/k182835138_1.jpg, https://data4library.kr/bookV?seq=6365433
152,153,153,(설민석의) 한국사 대모험,"글: 설민석,그림: 정현희",휴먼큐브,2017,9791188874217,74910,8,911,역사 > 아시아(아세아) > 한국,4088,https://image.aladin.co.kr/product/16868/13/cover/k532534979_1.jpg, https://data4library.kr/bookV?seq=3913803
153,154,154,만일 내가 인생을 다시 산다면 :벌써 마흔이 된 당신에게 해 주고 싶은 말들 42,김혜남 지음,메이븐,2022,9791190538510,03180,,199.1,"철학 > 윤리학, 도덕철학 > 도덕훈, 교훈",4079,https://image.aladin.co.kr/product/30396/94/cover/k392830163_1.jpg, https://data4library.kr/bookV?seq=6582176
154,155,155,(서울 자가에 대기업 다니는) 김 부장 이야기,송희구 지음,서삼독,2021,9791165344009,03320,2,325.04,사회과학 > 경제학 > 경영관리,4077,https://image.aladin.co.kr/product/27794/38/cover/k752734064_1.jpg, https://data4library.kr/bookV?seq=6078846
155,156,156,놓지 마 과학!,"글·그림: 신태훈,나승훈",위즈덤하우스 미디어그룹,2016,9791190908184,67400,14,408,"자연과학 > 자연과학 > 전집, 총서",4060,https://image.aladin.co.kr/product/24628/1/cover/s982631798_1.jpg, https://data4library.kr/bookV?seq=5709267
156,157,157,"어느 날, 내 죽음에 네가 들어왔다",세이카 료겐 지음 ;김윤경 옮김,바이포엠 스튜디오,2022,9791191043723,03830,,833.6,문학 > 일본문학 > 소설,4050,https://image.aladin.co.kr/product/29396/69/cover/k402837513_1.jpg, https://data4library.kr/bookV?seq=6455125
157,158,158,놓지 마 과학!,"글·그림: 신태훈,나승훈",위즈덤하우스 미디어그룹,2016,9791190630184,67400,13,408,"자연과학 > 자연과학 > 전집, 총서",4049,https://image.aladin.co.kr/product/23416/73/cover/k962638285_1.jpg, https://data4library.kr/bookV?seq=5601705
158,159,159,(서울 자가에 대기업 다니는) 김 부장 이야기,송희구 지음,서삼독,2021,9791165344221,03320,3,325.04,사회과학 > 경제학 > 경영관리,4047,https://image.aladin.co.kr/product/28294/44/cover/k702835095_1.jpg, https://data4library.kr/bookV?seq=6335467
159,160,160,(정재승의) 인간 탐구 보고서,"글: 정재은,그림: 김현민",북이십일,2019,9788950983154,74400,9,511,기술과학 > 의학 > 기초의학,4033,https://image.aladin.co.kr/product/29528/51/cover/895098315x_1.jpg, https://data4library.kr/bookV?seq=6468028
160,161,161,H마트에서 울다,미셸 자우너 지음 ;정혜윤 옮김,문학동네,2022,9788954683371,03840,,848,문학 > 영미문학 > 르포르타주 및 기타,4026,https://image.aladin.co.kr/product/28962/10/cover/8954683371_1.jpg, https://data4library.kr/bookV?seq=6412735
161,162,162,마법천자문 :손오공의 한자 대탐험,"저자: 스튜디오시리얼,정수영",아울북,2005,9788950997717,77720,52,711.4,"언어 > 한국어 > 음운, 음성, 문자",4013,https://image.aladin.co.kr/product/28527/35/cover/8950997711_1.jpg, https://data4library.kr/bookV?seq=6365158
162,163,163,Go go 카카오 프렌즈 :세계 역사 문화 체험 학습만화,글: 김미영 ;그림: 김정한,북이십일,2018,9788950976118,74900,3,980.2,역사 > 지리 > 지리,4010,https://image.aladin.co.kr/product/15220/17/cover/8950976110_1.jpg, https://data4library.kr/bookV?seq=3788041
163,164,164,Go go 카카오 프렌즈 :세계 역사 문화 체험 학습만화,글: 김미영 ;그림: 김정한,북이십일,2018,9788950995034,74900,20,980.2,역사 > 지리 > 지리,4005,https://image.aladin.co.kr/product/27182/42/cover/8950995034_1.jpg, https://data4library.kr/bookV?seq=5985627
164,165,165,마흔에 읽는 니체 =지금 이순간을 살기 위한 철학 수업 /Nietzsche,장재형 지음,유노콘텐츠그룹,2022,9791192300245,03160,,165.77,"철학 > 서양철학 > 독일, 오스트리아철학",4002,https://image.aladin.co.kr/product/30006/52/cover/k162838352_1.jpg, https://data4library.kr/bookV?seq=6546065
165,166,166,마법천자문 :손오공의 한자 대탐험,"저자: 스튜디오시리얼,정수영",아울북,2005,9788950993153,77720,50,711.4,"언어 > 한국어 > 음운, 음성, 문자",4000,https://image.aladin.co.kr/product/26192/73/cover/8950993155_1.jpg, https://data4library.kr/bookV?seq=5852314
166,167,167,Go go 카카오 프렌즈 :세계 역사 문화 체험 학습만화,글: 김미영 ;그림: 김정한,북이십일,2018,9788950977405,74900,4,980.2,역사 > 지리 > 지리,3998,https://image.aladin.co.kr/product/16831/53/cover/8950977400_1.jpg, https://data4library.kr/bookV?seq=3902011
167,168,168,놓지 마 과학!,"글·그림: 신태훈,나승훈",위즈덤하우스 미디어그룹,2016,9791190305310,67400,12,408,"자연과학 > 자연과학 > 전집, 총서",3990,https://image.aladin.co.kr/product/21502/77/cover/k742636192_1.jpg, https://data4library.kr/bookV?seq=5516991
168,169,169,위풍당당 여우 꼬리,손원평 글 ;만물상 그림,창비,2021,9788936448264,74810,3,813.7,문학 > 한국문학 > 소설,3985,https://image.aladin.co.kr/product/30178/38/cover/8936448269_1.jpg, https://data4library.kr/bookV?seq=6563261
169,170,170,세계를 건너 너에게 갈게 :이꽃님 장편소설,글쓴이: 이꽃님,문학동네,2018,9788954650212,03810,,813.7,문학 > 한국문학 > 소설,3983,https://bookthumb-phinf.pstatic.net/cover/133/146/13314689.jpg?type=m1&udate=20180330, https://data4library.kr/bookV?seq=3699193
170,171,171,Go go 카카오 프렌즈 :세계 역사 문화 체험 학습만화,글: 김미영 ;그림: 김정한,북이십일,2018,9788950998707,74900,23,980.2,역사 > 지리 > 지리,3981,https://image.aladin.co.kr/product/28958/24/cover/895099870x_1.jpg, https://data4library.kr/bookV?seq=6410183
171,172,172,Go go 카카오 프렌즈 :세계 역사 문화 체험 학습만화,글: 김미영 ;그림: 김정한,북이십일,2018,9788950980214,74900,7,980.2,역사 > 지리 > 지리,3974,https://image.aladin.co.kr/product/18740/97/cover/8950980215_1.jpg, https://data4library.kr/bookV?seq=5384091
172,173,172,흔한남매 이상한 나라의 고전 읽기,최재훈 글 ;정주연 그림,미래엔,2022,9791168413955,74810,2,813.5,문학 > 한국문학 > 소설,3974,https://image.aladin.co.kr/product/30340/91/cover/k052839448_1.jpg, https://data4library.kr/bookV?seq=6576357
173,174,174,Go go 카카오 프렌즈 :세계 역사 문화 체험 학습만화,글: 김미영 ;그림: 김정한,북이십일,2018,9788950900236,74900,24,980.2,역사 > 지리 > 지리,3962,https://image.aladin.co.kr/product/29529/16/cover/8950900238_1.jpg, https://data4library.kr/bookV?seq=6468430
174,175,174,놓지 마 과학!,"글·그림: 신태훈,나승훈",위즈덤하우스 미디어그룹,2016,9791190182737,67400,11,408,"자연과학 > 자연과학 > 전집, 총서",3962,https://image.aladin.co.kr/product/19973/36/cover/k292635940_1.jpg, https://data4library.kr/bookV?seq=5453374
175,176,176,Go go 카카오 프렌즈 :세계 역사 문화 체험 학습만화,글: 김미영 ;그림: 김정한,북이십일,2018,9788950991722,74900,16,980.2,역사 > 지리 > 지리,3938,https://image.aladin.co.kr/product/25169/0/cover/8950991721_1.jpg, https://data4library.kr/bookV?seq=5770451
176,177,177,외사랑,저자: 히가시노 게이고 ;옮긴이: 민경욱,소미미디어,2022,9791138413251,03830,,833.6,문학 > 일본문학 > 소설,3927,https://image.aladin.co.kr/product/30149/75/cover/k642839488_1.jpg, https://data4library.kr/bookV?seq=6561640
177,178,178,Go go 카카오 프렌즈 :세계 역사 문화 체험 학습만화,글: 김미영 ;그림: 김정한,북이십일,2018,9788950973353,74900,1,980.2,역사 > 지리 > 지리,3924,https://bookthumb-phinf.pstatic.net/cover/132/700/13270005.jpg?type=m1&udate=20180406, https://data4library.kr/bookV?seq=3695133
178,179,179,Go go 카카오 프렌즈 :세계 역사 문화 체험 학습만화,글: 김미영 ;그림: 김정한,북이십일,2018,9788950992835,74900,17,980.2,역사 > 지리 > 지리,3918,https://image.aladin.co.kr/product/25684/1/cover/8950992833_1.jpg, https://data4library.kr/bookV?seq=5818560
179,180,180,망원동 브라더스 :김호연 장편소설,지은이: 김호연,나무옆의자,2013,9788997962129,03810,,813.7,문학 > 한국문학 > 소설,3903,https://bookthumb-phinf.pstatic.net/cover/072/526/07252663.jpg?type=m1&udate=20171209, https://data4library.kr/bookV?seq=1950965
180,181,181,Go go 카카오 프렌즈 :세계 역사 문화 체험 학습만화,글: 김미영 ;그림: 김정한,북이십일,2018,9788950974329,74900,2,980.2,역사 > 지리 > 지리,3888,https://bookthumb-phinf.pstatic.net/cover/134/954/13495493.jpg?type=m1&udate=20180411, https://data4library.kr/bookV?seq=3734987
181,182,182,마법천자문 :손오공의 한자 대탐험,"저자: 스튜디오시리얼,정수영",아울북,2005,9788950995904,77720,51,711.4,"언어 > 한국어 > 음운, 음성, 문자",3872,https://image.aladin.co.kr/product/27526/22/cover/8950995905_2.jpg, https://data4library.kr/bookV?seq=6045918
182,183,183,천 개의 파랑 :천선란 장편소설,지은이: 천선란,허블,2020,9791190090261,03810,,813.7,문학 > 한국문학 > 소설,3869,https://image.aladin.co.kr/product/24895/69/cover/k882632470_2.jpg, https://data4library.kr/bookV?seq=5738747
183,184,184,Go go 카카오 프렌즈 :세계 역사 문화 체험 학습만화,글: 김미영 ;그림: 김정한,북이십일,2018,9788950983369,74900,10,980.2,역사 > 지리 > 지리,3865,https://image.aladin.co.kr/product/20796/92/cover/8950983362_1.jpg, https://data4library.kr/bookV?seq=5478213
184,185,185,(신기한 맛) 도깨비 식당,"김용세,센개 그림",꿈터,2022,9791167390646,74810,2,813.7,문학 > 한국문학 > 소설,3847,https://image.aladin.co.kr/product/29806/83/cover/k802838113_1.jpg, https://data4library.kr/bookV?seq=6519676
185,186,186,놓지 마 과학!,"글·그림: 신태훈,나승훈",위즈덤하우스 미디어그룹,2016,9791191766318,67400,15,408,"자연과학 > 자연과학 > 전집, 총서",3846,https://image.aladin.co.kr/product/27685/48/cover/k642733336_1.jpg, https://data4library.kr/bookV?seq=6065677
186,187,187,Go go 카카오 프렌즈 :세계 역사 문화 체험 학습만화,글: 김미영 ;그림: 김정한,북이십일,2018,9788950982188,74900,9,980.2,역사 > 지리 > 지리,3843,https://image.aladin.co.kr/product/19913/94/cover/8950982188_1.jpg, https://data4library.kr/bookV?seq=5450234
187,188,188,죽이고 싶은 아이 :이꽃님 장편소설,지은이: 이꽃님,우리학교,2021,9791190337755,43810,,813.7,문학 > 한국문학 > 소설,3838,https://image.aladin.co.kr/product/27211/83/cover/k422732197_1.jpg, https://data4library.kr/bookV?seq=5986948
188,189,189,Go go 카카오 프렌즈 :세계 역사 문화 체험 학습만화,글: 김미영 ;그림: 김정한,북이십일,2018,9788950987008,74900,13,980.2,역사 > 지리 > 지리,3837,https://image.aladin.co.kr/product/23596/28/cover/8950987007_1.jpg, https://data4library.kr/bookV?seq=5638545
189,190,190,Go go 카카오 프렌즈 :세계 역사 문화 체험 학습만화,글: 김미영 ;그림: 김정한,북이십일,2018,9788950978358,74900,5,980.2,역사 > 지리 > 지리,3835,https://image.aladin.co.kr/product/17424/71/cover/8950978350_2.jpg, https://data4library.kr/bookV?seq=5243812
190,191,191,Go go 카카오 프렌즈 :세계 역사 문화 체험 학습만화,글: 김미영 ;그림: 김정한,북이십일,2018,9788950996604,74900,21,980.2,역사 > 지리 > 지리,3830,https://image.aladin.co.kr/product/27838/91/cover/895099660x_1.jpg, https://data4library.kr/bookV?seq=6085198
191,192,192,Go go 카카오 프렌즈 :세계 역사 문화 체험 학습만화,글: 김미영 ;그림: 김정한,북이십일,2018,9788950997519,74900,22,980.2,역사 > 지리 > 지리,3829,https://image.aladin.co.kr/product/28374/25/cover/8950997517_1.jpg, https://data4library.kr/bookV?seq=6343682
192,193,193,Go go 카카오 프렌즈 :세계 역사 문화 체험 학습만화,글: 김미영 ;그림: 김정한,북이십일,2018,9788950993511,74900,18,980.2,역사 > 지리 > 지리,3827,https://image.aladin.co.kr/product/26211/84/cover/8950993511_1.jpg, https://data4library.kr/bookV?seq=5853175
193,194,194,(정재승의) 인간 탐구 보고서,"글: 정재은,그림: 김현민",북이십일,2019,9788950983079,74400,1,511,기술과학 > 의학 > 기초의학,3825,https://image.aladin.co.kr/product/20460/37/cover/8950983079_1.jpg, https://data4library.kr/bookV?seq=5467174
194,195,195,"우리, 편하게 말해요 :마음을 다해 듣고 할 말은 놓치지 않는 이금희의 말하기 수업",이금희 지음,웅진씽크빅,2022,9788901264776,03710,,802.5,"문학 > 문학 > 문장작법, 수사학",3824,https://image.aladin.co.kr/product/30307/51/cover/8901264773_1.jpg, https://data4library.kr/bookV?seq=6574544
195,196,196,(흔한남매) 별난 방탈출 :탈출 미션 스토리북,흔한남매 원작 ;차차 그림,미래엔,2020,9791168411692,77810,5,691,"예술 > 오락, 운동 > 오락",3823,https://image.aladin.co.kr/product/29445/12/cover/k012837621_1.jpg, https://data4library.kr/bookV?seq=6460293
196,197,197,Go go 카카오 프렌즈 :세계 역사 문화 체험 학습만화,글: 김미영 ;그림: 김정한,북이십일,2018,9788950985554,74900,12,980.2,역사 > 지리 > 지리,3815,https://image.aladin.co.kr/product/22811/8/cover/8950985551_1.jpg, https://data4library.kr/bookV?seq=5583794
197,198,198,놓지 마 과학!,"글·그림: 신태훈,나승훈",위즈덤하우스 미디어그룹,2016,9791168122369,67400,17,408,"자연과학 > 자연과학 > 전집, 총서",3807,https://image.aladin.co.kr/product/29305/35/cover/k992837600_1.jpg, https://data4library.kr/bookV?seq=6449054
198,199,199,다정한 것이 살아남는다,"지은이: 브라이언 헤어,옮긴이: 이민아",디플롯,2021,9791197413025,03400,,182.4,철학 > 심리학 > 차이심리학,3794,https://image.aladin.co.kr/product/27608/83/cover/k722733028_1.jpg, https://data4library.kr/bookV?seq=6060921
199,200,200,내 멋대로 선생님 뽑기,최은옥 글 ;김무연 그림,김영사,2022,9788934974369,73810,,813.7,문학 > 한국문학 > 소설,3793,https://image.aladin.co.kr/product/29463/46/cover/8934974362_1.jpg, https://data4library.kr/bookV?seq=6461322
200,1,,해리포터와 혼혈왕자,조앤 K. 롤링 저;최인자 옮김,문학수첩,2005,9788983921987,,,843,문학 > 영미문학 > 소설,,https://bookthumb-phinf.pstatic.net/cover/019/703/01970370.jpg?type=m1&udate=20130207,
